"","x","model","or","lci","uci","se"
"1","OR","A: True association",0.999573382535367,0.979018428939796,1.02055989707487,0.0106012682130468
"2","OR","B: 5% opt-outs ~ anxiety",0.998580886294739,0.977565150159573,1.02004841959681,0.0108523514365584
"3","OR","C: 5% opt-outs ~ rare cancer",0.997654808330048,0.976597747170638,1.01916589452275,0.0108841225630778
"4","OR","D: 1% opt-out if anxiety OR rare cancer, 5% if neither",0.957266251377693,0.937467883461354,0.977482740681512,0.0106629856020311
"5","OR","E: 5% opt-out if anxiety OR rare cancer, 1% if neither",1.04048733728747,1.01853078953105,1.06291720405822,0.0108818379381696
