"","x","model","or","lci","uci","se"
"1","OR","A: True association",1.00403290924345,0.983393706260314,1.02510528227544,0.0105974002743056
"2","OR","B: 5% opt-outs ~ anxiety",1.00486581553231,0.983743901408844,1.02644123717497,0.0108388187135975
"3","OR","C: 5% opt-outs ~ rare cancer",1.00485158380528,0.983690690488856,1.0264676846481,0.0108591909068755
"4","OR","D: 1% opt-out if anxiety OR rare cancer, 5% if neither",0.964074662567611,0.944159900901436,0.984409477798697,0.010649789599686
"5","OR","E: 5% opt-out if anxiety OR rare cancer, 1% if neither",1.05104695805485,1.02893127075123,1.07363799647162,0.0108502544543128
